cwe_id,x,y,raw_frequency,centrality,degree,is_isolated
CWE-1,-0.08595693111419678,0.5062786340713501,2,0.0001101289285166105,5,False
CWE-5,0.2672628164291382,-0.044712066650390625,2,6.04801025209376e-05,5,False
CWE-14,-0.554349422454834,-0.007209478411823511,2,3.219779320640506e-05,5,False
CWE-15,0.03871680051088333,-0.17814292013645172,61,0.0003948340569773202,5,False
CWE-16,0.04018781706690788,-0.00845350418239832,259,0.005953610056580007,5,False
CWE-17,0.047770339995622635,-0.00336043001152575,165,0.00612633876150623,5,False
CWE-18,0.10678353160619736,0.16738341748714447,6,0.0005876150386071392,5,False
CWE-19,-0.04013818874955177,-0.004111979156732559,223,0.01249784997495439,5,False
CWE-20,-0.008682350628077984,0.010333848185837269,11343,0.2884980744971524,161,False
CWE-21,-0.13251478970050812,-0.4822673797607422,3,1.215676180479218e-05,5,False
CWE-22,-0.009574634954333305,-0.0344989113509655,10260,0.07097382047684521,139,False
CWE-23,-0.02882600948214531,-0.0939386710524559,265,0.00396313882302455,6,False
CWE-24,0.11425193399190903,-0.13657110929489136,64,0.0003098552810627544,6,False
CWE-25,,,4,0.0,0,True
CWE-26,0.09585906565189362,-0.36424699425697327,10,4.826323635991596e-05,5,False
CWE-27,0.23462800681591034,-0.2629750669002533,11,6.047312791534086e-05,7,False
CWE-28,-0.06641478091478348,-0.5286977887153625,1,8.846237452099798e-06,5,False
CWE-29,-0.10140352696180344,-0.17006485164165497,43,0.0002110317370417663,6,False
CWE-31,0.16123038530349731,0.2223970741033554,9,0.0001652421285943502,5,False
CWE-32,,,1,0.0,0,True
CWE-35,0.08846046775579453,-0.06795599311590195,141,0.0009780287806844252,5,False
CWE-36,-0.03720492497086525,-0.15317219495773315,91,0.00177888613232178,8,False
CWE-37,,,1,0.0,0,True
CWE-38,,,1,0.0,0,True
CWE-40,,,1,0.0,0,True
CWE-41,-0.11647223681211472,0.02865597791969776,19,0.002962096891989646,5,False
CWE-42,-0.40542882680892944,0.2502460777759552,1,1.408204666057655e-05,5,False
CWE-43,,,1,0.0,0,True
CWE-46,-0.4982207417488098,-0.11707478761672974,1,1.160014380279506e-05,5,False
CWE-50,,,1,0.0,0,True
CWE-55,-0.3647793233394623,0.4421161413192749,1,5.681112110030321e-05,5,False
CWE-57,,,1,0.0,0,True
CWE-59,0.00397416390478611,0.002641170984134078,1579,0.03369728869622546,19,False
CWE-61,0.163628488779068,-0.07801037281751633,100,0.0007481591709544253,10,False
CWE-64,0.7191150188446045,0.4656485915184021,6,8.105196188906721e-07,1,False
CWE-65,-0.13887633383274078,0.26034513115882874,1,0.0005258046313085936,5,False
CWE-66,-0.38501378893852234,-0.4543735682964325,1,9.781026069591266e-06,3,False
CWE-67,-0.46447670459747314,0.42311227321624756,7,4.444256479700839e-06,3,False
CWE-69,-0.19689714908599854,-0.4798978567123413,2,5.760807153222336e-06,5,False
CWE-73,0.04109879210591316,-0.024143161252141,427,0.006734076061263457,12,False
CWE-74,-0.036366578191518784,-0.018065158277750015,3621,0.02449615802939296,17,False
CWE-75,-0.2131395936012268,-0.20171451568603516,18,0.0001075513544597278,5,False
CWE-76,-0.24978789687156677,-0.379732608795166,8,4.485503404865021e-05,5,False
CWE-77,0.013211049139499664,-0.007286150939762592,3114,0.03672482372645349,27,False
CWE-78,0.011931326240301132,-0.018615834414958954,6168,0.05078384744507391,62,False
CWE-79,-0.014606784097850323,-0.03537274897098541,47588,0.09806391023749043,224,False
CWE-80,0.05614310875535011,-0.10936782509088516,262,0.00152711279616127,9,False
CWE-81,0.4314054846763611,-0.34671691060066223,3,4.721847318296957e-07,3,False
CWE-82,,,3,0.0,0,True
CWE-83,0.27487021684646606,-0.0031746819149702787,12,0.000172265264400857,5,False
CWE-84,-0.2435588389635086,-0.4298464059829712,14,4.673958035555758e-06,5,False
CWE-85,,,1,0.0,0,True
CWE-86,-0.3398993909358978,0.005075487308204174,6,3.862279138723749e-05,5,False
CWE-87,0.23808540403842926,-0.0872952938079834,15,0.0001173629985642772,5,False
CWE-88,0.04351263865828514,-0.04252335801720619,409,0.006450434809122181,8,False
CWE-89,-0.014974752441048622,-0.0589170977473259,18887,0.03527391051610631,45,False
CWE-90,-0.1206914484500885,-0.05946914851665497,75,0.001958005175347763,8,False
CWE-91,0.014022961258888245,-0.09899817407131195,133,0.002133619321529687,5,False
CWE-92,0.3518483638763428,-0.5558695197105408,11,1.347052560979714e-05,2,False
CWE-93,0.060455527156591415,-0.076343834400177,207,0.002121675446136464,6,False
CWE-94,-0.0033242066856473684,-0.03706299141049385,5227,0.03569734818793843,38,False
CWE-95,-0.10871263593435287,-0.1305055022239685,95,0.0005054861901651697,6,False
CWE-96,-0.15785515308380127,-0.29229339957237244,13,0.0001663667489922408,5,False
CWE-97,-0.21312305331230164,0.36009082198143005,7,1.054720437388903e-05,5,False
CWE-98,-0.01255875825881958,-0.1794976145029068,1219,0.0002013040707223581,6,False
CWE-99,-0.23072339594364166,0.07657646387815475,38,0.0001744146044541754,6,False
CWE-112,0.39776164293289185,0.11669795960187912,4,1.427305231122557e-05,5,False
CWE-113,0.07064586132764816,-0.0902426466345787,70,0.001242889780235838,7,False
CWE-114,0.04478783160448074,0.2574983835220337,11,0.0002929719804638157,6,False
CWE-115,0.06815264374017715,0.18181587755680084,16,0.0004464156135832688,5,False
CWE-116,-0.014466258697211742,-0.018794752657413483,361,0.01186196709466199,12,False
CWE-117,-0.15713800489902496,0.07345512509346008,75,0.0006236526436806713,7,False
CWE-118,-0.08970006555318832,0.06316637247800827,16,0.003388789898789071,5,False
CWE-119,-0.004948765505105257,0.027124492451548576,13268,0.2715379599135455,60,False
CWE-120,-0.00981943216174841,0.03937011957168579,3618,0.2834146207715136,60,False
CWE-121,0.02935074456036091,0.05222804844379425,1647,0.0392134426112274,41,False
CWE-122,0.0016538167838007212,0.08949033915996552,1744,0.02212551647027244,31,False
CWE-123,0.1247221976518631,0.10890976339578629,33,0.001095087530137774,5,False
CWE-124,0.007604130078107119,0.17636096477508545,27,0.001349693752675068,5,False
CWE-125,-0.007911758497357368,0.04164179041981697,9259,0.3212025343911998,139,False
CWE-126,0.0009474454564042389,0.06387107074260712,219,0.06578464797394412,21,False
CWE-127,-0.2517915666103363,-0.17676517367362976,5,8.901450429912724e-05,5,False
CWE-128,-0.35401418805122375,0.026491791009902954,2,0.0001580198052053851,5,False
CWE-129,-0.012911481782793999,0.051392536610364914,568,0.191646259041311,11,False
CWE-130,-0.1193375363945961,0.17763110995292664,60,0.0006502852938302138,6,False
CWE-131,-0.006283762399107218,0.06268080323934555,157,0.07496934938728037,13,False
CWE-134,-0.04996505379676819,0.06130402907729149,405,0.01392118218058099,10,False
CWE-138,0.2484690397977829,0.1429564356803894,7,0.0001578554941857906,5,False
CWE-140,0.16604165732860565,0.2359817773103714,9,0.0001614634457234014,7,False
CWE-141,-0.0928419679403305,-0.04110153764486313,8,0.0004932626316250877,5,False
CWE-142,,,2,0.0,0,True
CWE-143,,,1,0.0,0,True
CWE-144,-0.5428685545921326,0.14547261595726013,1,8.918605971635466e-06,5,False
CWE-145,,,1,0.0,0,True
CWE-146,0.3486320674419403,-0.004316057078540325,6,4.259094600988537e-05,5,False
CWE-147,,,2,0.0,0,True
CWE-148,,,1,0.0,0,True
CWE-149,-0.3102327585220337,-0.09441712498664856,4,8.908035006629124e-05,5,False
CWE-150,0.18608105182647705,-0.1611596792936325,53,0.0003038594121590991,6,False
CWE-153,-0.11601876467466354,-0.3660544455051422,4,5.692599541793601e-05,5,False
CWE-155,0.24192790687084198,-0.23110835254192352,13,5.982248122152021e-05,6,False
CWE-156,0.1255088597536087,-0.3458152413368225,5,2.827874944868691e-05,5,False
CWE-158,0.027924641966819763,-0.1267250031232834,15,0.000639960080173187,5,False
CWE-159,0.8309233784675598,0.033189862966537476,4,3.036414315120613e-06,1,False
CWE-162,,,1,0.0,0,True
CWE-164,0.9380285739898682,0.00700264610350132,3,4.690329386866368e-08,1,False
CWE-166,-0.4088730216026306,-0.2325393408536911,1,5.472016386961552e-05,5,False
CWE-167,0.03964131325483322,0.5238132476806641,2,7.543790029942894e-05,6,False
CWE-168,,,1,0.0,0,True
CWE-170,-0.08166530728340149,0.14400602877140045,15,0.00200545605612561,6,False
CWE-172,-0.0009688222198747098,0.2547897398471832,12,0.0002418274292616398,5,False
CWE-173,0.4485674202442169,-0.3221863806247711,4,1.676923617361803e-05,5,False
CWE-174,-0.515711784362793,-0.1582293063402176,3,9.03343741359651e-06,5,False
CWE-176,0.20236018300056458,0.0018666686955839396,21,0.0002537021496007302,6,False
CWE-177,-0.2324938178062439,-0.1200113445520401,12,0.0002000433369222153,6,False
CWE-178,0.11508996784687042,0.054711878299713135,107,0.001950000706465261,8,False
CWE-179,0.2086445540189743,-0.12208810448646545,3,0.0002756170663803387,6,False
CWE-180,-0.2783452570438385,0.10873936116695404,30,8.20625641848559e-05,6,False
CWE-183,0.1574203372001648,0.14898213744163513,33,0.0003199262686698802,6,False
CWE-184,0.04716724157333374,-0.10571680217981339,139,0.002168309034592153,6,False
CWE-185,-0.15097205340862274,-0.14426344633102417,28,0.0004694186096526795,5,False
CWE-186,-0.45073404908180237,0.28063422441482544,1,1.192827431112148e-05,5,False
CWE-187,0.02860971912741661,0.15527719259262085,12,0.001438523420824345,5,False
CWE-188,-0.4899100065231323,-0.02751566842198372,2,6.541529499565397e-05,5,False
CWE-189,0.014790467917919159,0.007113102823495865,1236,0.02276407759376466,5,False
CWE-190,-0.009562483057379723,0.0456865169107914,3173,0.2561469717586795,63,False
CWE-191,-0.0229190643876791,0.03868135064840317,441,0.08897387614348523,12,False
CWE-192,0.3354662358760834,0.37119296193122864,1,2.645696234828506e-05,5,False
CWE-193,-0.04346197471022606,0.05917173996567726,207,0.0125321841476256,7,False
CWE-194,-0.22281882166862488,0.2881356179714203,3,0.0001361484628520674,5,False
CWE-195,0.08824069052934647,0.27281272411346436,17,0.0002746268111944608,5,False
CWE-196,,,4,0.0,0,True
CWE-197,0.0019196377834305167,0.13403578102588654,31,0.004056570328318639,7,False
CWE-198,0.2638517916202545,0.5115441083908081,1,7.039946448720223e-05,5,False
CWE-199,0.16490398347377777,0.02923658862709999,6,0.0006775055828205861,5,False
CWE-200,-0.007117283530533314,-0.004748050589114428,9101,0.1698499506553566,105,False
CWE-201,0.046975210309028625,-0.05213306471705437,333,0.004144443859477696,13,False
CWE-202,-0.0011032450711354613,-0.30996739864349365,21,4.573928873481248e-05,5,False
CWE-203,-0.004378160461783409,0.020286405459046364,747,0.08001682690377343,17,False
CWE-204,0.08216780424118042,-0.107345812022686,132,0.0006479726671853301,7,False
CWE-207,,,1,0.0,0,True
CWE-208,-0.15491467714309692,0.0590631477534771,137,0.0009333210157140263,8,False
CWE-209,-0.01914246380329132,-0.056962329894304276,570,0.01060388362085547,18,False
CWE-212,0.009168251417577267,0.018763581290841103,115,0.03624891658606142,6,False
CWE-213,-0.03473541513085365,-0.3563467264175415,11,4.895584094454548e-05,5,False
CWE-214,0.12208513915538788,-0.25685665011405945,18,0.0001094290990070228,5,False
CWE-215,-0.28080737590789795,0.12877823412418365,16,0.000117822391038256,5,False
CWE-216,0.8348994851112366,0.0800638496875763,1,2.358727581230356e-06,1,False
CWE-219,-0.4306434988975525,-0.13036906719207764,3,8.073238975659357e-06,5,False
CWE-221,-0.18218529224395752,0.5616347789764404,2,0.0001053338059244335,5,False
CWE-223,-0.43616870045661926,0.2154901623725891,7,6.081537142537031e-05,5,False
CWE-226,0.3279067873954773,-0.14164197444915771,23,5.891567142274387e-05,7,False
CWE-227,,,1,0.0,0,True
CWE-228,0.3787183165550232,-0.049948081374168396,16,4.480152319172868e-05,5,False
CWE-229,-0.3372754752635956,-0.061395227909088135,12,8.977872260436371e-05,5,False
CWE-230,0.41787436604499817,-0.3055488169193268,7,8.413242565123333e-06,5,False
CWE-231,0.3276282846927643,-0.04279226437211037,4,5.673196551864273e-05,5,False
CWE-232,0.16449518501758575,-0.3090995252132416,4,0.0001035204403385245,5,False
CWE-233,0.2528742253780365,0.17364849150180817,14,0.0001205684256220616,6,False
CWE-235,-0.411212682723999,-0.012982427142560482,2,1.972985072861828e-05,5,False
CWE-236,0.406669944524765,0.3425132632255554,1,5.603786050813445e-05,6,False
CWE-237,,,2,0.0,0,True
CWE-239,,,2,0.0,0,True
CWE-240,-0.08305169641971588,0.20449984073638916,2,0.0002839477968430845,5,False
CWE-241,-0.31674280762672424,-0.1693749874830246,14,9.15105249493248e-05,5,False
CWE-242,-0.01072053611278534,-0.4603552520275116,6,3.714482465134412e-05,5,False
CWE-244,-0.16771863400936127,0.2349311262369156,14,0.0001780639212291741,5,False
CWE-248,-0.11601410806179047,0.019072989001870155,201,0.003220585332826416,9,False
CWE-250,0.0713554099202156,0.037994634360075,215,0.002690116002176891,15,False
CWE-252,-0.04096890985965729,0.045614130795001984,166,0.03396278633093405,10,False
CWE-253,0.18940624594688416,0.225835919380188,12,0.0002756394964362454,6,False
CWE-254,0.027458030730485916,0.008761988021433353,380,0.01161918041745813,5,False
CWE-255,-0.032187361270189285,-0.025121493265032768,730,0.008290324795830407,5,False
CWE-256,0.07656644284725189,-0.1589808166027069,124,0.0003010321249504136,6,False
CWE-257,0.00835189688950777,-0.1644033044576645,37,0.0009452452097923485,5,False
CWE-258,-0.10191492736339569,-0.9304876923561096,7,4.819860051993237e-08,1,False
CWE-259,0.0669364258646965,-0.008834983222186565,126,0.0009255922413806525,7,False
CWE-260,-0.20642705261707306,-0.2889039218425751,13,2.74861185648477e-05,6,False
CWE-261,-0.2449883222579956,-0.1340676248073578,21,0.0002237574594456845,5,False
CWE-262,-0.006792376283556223,0.4008515477180481,3,0.0001217656134522873,5,False
CWE-263,-0.41723647713661194,-0.2848470211029053,1,1.03864013095089e-05,5,False
CWE-264,-0.002783054718747735,-0.007213043514639139,5135,0.04364370748434548,16,False
CWE-265,,,2,0.0,0,True
CWE-266,0.03407236933708191,-0.07232596725225449,923,0.004185582349685537,12,False
CWE-267,0.07323519885540009,-0.026365594938397408,38,0.001652665631523011,5,False
CWE-268,0.17474430799484253,-0.2805248200893402,13,6.14103517400383e-05,6,False
CWE-269,-0.01995079405605793,-0.010946606285870075,2842,0.04717348662083814,33,False
CWE-270,0.21729515492916107,-0.08129337430000305,14,0.0002899368665638245,5,False
CWE-271,-0.0818684995174408,0.3695172369480133,6,0.0002079770072962002,5,False
CWE-272,0.1246500164270401,-0.0403115451335907,19,0.0006872600904534214,5,False
CWE-273,0.11628727614879608,0.04478726536035538,40,0.001958025835605681,7,False
CWE-274,0.14046844840049744,0.28179994225502014,12,0.0001637538488150137,5,False
CWE-275,-0.1013348251581192,-0.048033811151981354,71,0.001625085429186567,6,False
CWE-276,-0.03405288979411125,0.048099495470523834,1376,0.03424251897380543,12,False
CWE-277,-0.22291159629821777,0.14472909271717072,31,0.0002662112687154782,5,False
CWE-278,-0.28354907035827637,0.414609432220459,5,2.919677495054996e-06,5,False
CWE-279,-0.06697551161050797,-0.23328115046024323,18,0.0002401172274907195,5,False
CWE-280,0.04618149250745773,0.11849380284547806,104,0.003952308794560613,7,False
CWE-281,0.034062474966049194,0.04482383653521538,296,0.01774901350262511,7,False
CWE-282,0.011161806993186474,-0.274556428194046,17,8.790470540169786e-05,5,False
CWE-283,-0.12127892673015594,-0.2852405309677124,25,0.0001133694174831542,5,False
CWE-284,-0.024067847058176994,0.010674300603568554,5021,0.04993641936980411,49,False
CWE-285,-0.05872155725955963,-0.0403609499335289,732,0.01231878753904722,18,False
CWE-286,-0.2521089017391205,-0.10580426454544067,13,0.000110850718578927,5,False
CWE-287,-0.016419433057308197,0.0168480034917593,4456,0.1560042600190417,53,False
CWE-288,0.05132758989930153,-0.05981195345520973,452,0.004854380976446743,12,False
CWE-289,-0.08554495126008987,0.24603551626205444,32,0.0002275544645971939,5,False
CWE-290,-0.042258571833372116,0.02614513970911503,667,0.01265432668207921,21,False
CWE-291,-0.2635718584060669,-0.07523056119680405,7,0.000195182104991315,5,False
CWE-292,-0.29885774850845337,0.2398122400045395,1,0.0001373521262813379,5,False
CWE-294,-0.06017633154988289,0.007265884894877672,258,0.005664701072108625,11,False
CWE-295,-0.03137262165546417,-0.007503588683903217,1566,0.043678019434593,24,False
CWE-296,0.3673221468925476,0.28728440403938293,6,6.559751634428448e-05,5,False
CWE-297,-0.16886036098003387,-0.032225724309682846,52,0.0007590256930251888,6,False
CWE-298,-0.21737435460090637,-0.16255591809749603,7,8.770142653584098e-05,5,False
CWE-299,-0.052812229841947556,0.24043990671634674,14,0.0002187933242248816,5,False
CWE-300,0.10735096037387848,-0.16745078563690186,19,0.0004304687157991926,6,False
CWE-302,0.161333367228508,-0.14585091173648834,24,0.0002553832366218048,5,False
CWE-303,0.09158975630998611,-0.08733026683330536,53,0.001245062970378344,5,False
CWE-304,-0.1940728724002838,0.1594281941652298,25,0.0003010448142430381,5,False
CWE-305,0.09766057878732681,-0.04899558424949646,98,0.001165650456628879,6,False
CWE-306,-0.002510576043277979,0.006665211636573076,2780,0.0476857699136453,43,False
CWE-307,0.016150234267115593,-0.05735562741756439,637,0.006364139630068031,15,False
CWE-308,-0.21171125769615173,-0.25639060139656067,14,4.951298179226342e-05,5,False
CWE-309,0.5306610465049744,0.23290684819221497,1,2.329893282458602e-06,3,False
CWE-310,0.005747541785240173,0.009521388448774815,2439,0.03270379205984975,5,False
CWE-311,-0.04797033965587616,0.03313539922237396,324,0.01288107140981436,7,False
CWE-312,0.016702711582183838,-0.0116664357483387,809,0.02210379026165472,16,False
CWE-313,-0.07691776752471924,0.4307765066623688,9,9.940186168070222e-05,5,False
CWE-315,0.4107182025909424,-0.10714559257030487,3,9.66169966058589e-06,5,False
CWE-316,0.32599693536758423,-0.062016811221838,22,4.31320128490492e-05,6,False
CWE-317,0.044389043003320694,-0.43934619426727295,4,1.779996728795147e-05,5,False
CWE-319,0.0009186678798869252,-0.008280155248939991,870,0.03275544445310016,18,False
CWE-320,0.04874497652053833,0.044800207018852234,77,0.007952380711593108,5,False
CWE-321,-0.057480260729789734,-0.016543669626116753,213,0.004833408108487719,14,False
CWE-322,-0.3592039942741394,-0.07380072772502899,13,3.818202159112329e-05,5,False
CWE-323,0.008806588128209114,0.10087049752473831,28,0.007189216983284273,5,False
CWE-324,-0.1270104944705963,0.12085362523794174,13,0.001336602669798153,5,False
CWE-325,0.030542289838194847,0.06382539123296738,34,0.01206673627702017,7,False
CWE-326,0.020296545699238777,-0.03038967214524746,426,0.01385029451603425,13,False
CWE-327,-0.044679123908281326,0.0005457004299387336,649,0.02429499904035377,15,False
CWE-328,-0.10969860106706619,0.045693736523389816,41,0.0004896631106943909,6,False
CWE-329,-0.07455196231603622,-0.25611960887908936,5,0.0001781697489070202,5,False
CWE-330,0.026620404794812202,0.03537904471158981,363,0.02138825442802304,10,False
CWE-331,-0.07919123768806458,-0.014094206504523754,125,0.005660337857432494,5,False
CWE-332,0.025836188346147537,0.45086920261383057,9,5.034142776602169e-05,5,False
CWE-333,,,1,0.0,0,True
CWE-334,0.48714882135391235,0.09219750016927719,5,5.317981221065228e-06,5,False
CWE-335,0.11409967392683029,-0.05265039578080177,39,0.0005224994191911734,5,False
CWE-336,,,2,0.0,0,True
CWE-337,-0.1698014736175537,-0.44898921251296997,8,2.028587346814747e-05,6,False
CWE-338,-0.09081433713436127,0.04265573248267174,196,0.003058931987950938,6,False
CWE-339,,,1,0.0,0,True
CWE-340,-0.05983743071556091,-0.10335984081029892,20,0.001013258264929654,5,False
CWE-341,-0.26304563879966736,0.13425573706626892,7,3.127264653484279e-05,5,False
CWE-342,-0.27367329597473145,-0.13910949230194092,2,9.098967015196552e-05,5,False
CWE-343,-0.5013977289199829,-0.18895673751831055,2,8.34178402924329e-06,5,False
CWE-344,,,1,0.0,0,True
CWE-345,0.014353880658745766,0.022683454677462578,685,0.02930404461658282,13,False
CWE-346,0.022923890501260757,0.019159652292728424,660,0.01746067196933371,16,False
CWE-347,0.019651714712381363,0.03766050189733505,779,0.03268493972540377,23,False
CWE-348,-0.21289414167404175,-0.06696287542581558,55,0.0002948409418156492,6,False
CWE-349,-0.06190428510308266,0.09483230859041214,33,0.003203824847840013,5,False
CWE-350,-0.2075524926185608,-0.1388523429632187,21,0.0002375872653737213,6,False
CWE-351,-0.22596921026706696,-0.047580786049366,10,0.0003734957855568557,5,False
CWE-352,-0.012869291007518768,-0.046273693442344666,9443,0.04043987286320135,48,False
CWE-353,0.0424005389213562,0.14087635278701782,24,0.00157880833844346,5,False
CWE-354,-0.07442063093185425,0.0005920042167417705,174,0.006561586330462591,6,False
CWE-356,0.03593131899833679,0.20774714648723602,18,0.000623910161843954,5,False
CWE-357,0.09984534978866577,0.09475084394216537,8,0.001883780534815632,5,False
CWE-358,-0.07919801026582718,-0.07132881134748459,67,0.00278120977346991,5,False
CWE-359,0.02118566259741783,0.07375965267419815,126,0.01166127100693027,5,False
CWE-361,-0.070846788585186,0.14217247068881989,7,0.001334543489281421,5,False
CWE-362,-0.016717402264475822,0.03487185761332512,2554,0.1434279871240112,46,False
CWE-363,-0.36636191606521606,-0.30650633573532104,4,1.442448674092787e-05,5,False
CWE-364,-0.24126558005809784,0.08505801111459732,7,0.0003340241699169389,5,False
CWE-366,-0.04148894175887108,0.43063804507255554,9,6.906047914141683e-05,5,False
CWE-367,-0.0025731376372277737,0.038914646953344345,717,0.1476826261663685,26,False
CWE-369,-0.029390405863523483,0.04580015689134598,463,0.0381759537094002,10,False
CWE-371,0.27909529209136963,-0.3371012508869171,3,3.172971500102628e-05,5,False
CWE-372,0.24836543202400208,0.2505507171154022,5,0.000132800958253372,5,False
CWE-377,0.16862650215625763,-0.10122691094875336,48,0.0003995023639488335,6,False
CWE-378,0.03215072676539421,-0.3027860224246979,22,9.404469758348355e-05,5,False
CWE-379,0.12535704672336578,0.06748401373624802,25,0.001515205562643137,5,False
CWE-384,0.01597214862704277,-0.04454819858074188,412,0.007214644032648545,9,False
CWE-385,0.3035354018211365,0.16715742647647858,18,0.0001023965001062816,6,False
CWE-386,0.2913692593574524,0.2270759493112564,1,0.0001600985425531438,5,False
CWE-388,0.05486173555254936,0.03536283224821091,36,0.00646295513811591,5,False
CWE-390,0.06649526953697205,0.1486443430185318,16,0.001399671881125494,6,False
CWE-391,0.27494049072265625,-0.1961948126554489,4,0.0001099785455869223,5,False
CWE-392,-0.2683865427970886,0.08945173025131226,6,0.0001000230928754835,5,False
CWE-393,-0.26457497477531433,0.451069712638855,4,2.399115464637656e-05,5,False
CWE-394,0.29169219732284546,0.04831643030047417,8,0.0001038360003592018,8,False
CWE-395,0.1741163432598114,0.37633442878723145,11,4.906347104210056e-05,5,False
CWE-396,0.37193429470062256,0.01527442503720522,2,2.809720083037968e-05,5,False
CWE-399,0.011790155433118343,0.0009005937026813626,2486,0.02719850566428002,8,False
CWE-400,-0.023355096578598022,0.02558581531047821,2842,0.1262386843888316,59,False
CWE-401,0.0036902385763823986,0.046476151794195175,1920,0.1030997884906315,22,False
CWE-402,-0.017354680225253105,-0.4189947545528412,10,3.511755691695834e-05,6,False
CWE-403,-0.07988760620355606,-0.3002016544342041,5,0.0001643404368717154,5,False
CWE-404,0.021767202764749527,0.0435124970972538,624,0.01183181724826652,8,False
CWE-405,0.07757149636745453,-0.24052123725414276,48,0.0002193099834466409,6,False
CWE-406,0.02920280396938324,0.29916858673095703,13,0.0001919440812264879,5,False
CWE-407,-0.1398129016160965,0.016419418156147003,152,0.001580057210283611,7,False
CWE-408,0.45302844047546387,0.14730535447597504,5,7.27713853133082e-05,5,False
CWE-409,-0.09260344505310059,-0.10625363886356354,116,0.001007228160328535,7,False
CWE-410,0.09682178497314453,-0.029121920466423035,9,0.001167987406018504,5,False
CWE-412,,,3,0.0,0,True
CWE-413,0.20475651323795319,0.3712244927883148,7,5.457586497684601e-05,5,False
CWE-414,-0.07216798514127731,-0.43468552827835083,4,8.456614247904369e-05,5,False
CWE-415,-0.017876332625746727,0.052614614367485046,828,0.1863791942890231,18,False
CWE-416,-0.0034559874329715967,0.05317194014787674,8006,0.253835576945117,117,False
CWE-417,0.16794194281101227,-0.05775749310851097,14,0.0006857217716031093,5,False
CWE-419,-0.45452699065208435,0.8339614868164062,4,1.500069380305922e-08,1,False
CWE-420,0.11347980797290802,0.017869599163532257,25,0.0007336881212107407,5,False
CWE-421,,,3,0.0,0,True
CWE-422,0.363940566778183,0.40807226300239563,2,1.244660454045218e-05,4,False
CWE-424,-0.11434170603752136,0.41338902711868286,24,2.876701061403515e-05,5,False
CWE-425,-0.09692339599132538,0.0046228826977312565,221,0.002125149140508666,7,False
CWE-426,0.03880825266242027,0.01850116066634655,637,0.01071352419427441,10,False
CWE-427,0.03591614216566086,0.030950842425227165,1152,0.008860550801906135,11,False
CWE-428,0.1018432229757309,0.004245824180543423,439,0.001102822470523261,5,False
CWE-430,-0.4027039706707001,0.4053225517272949,2,5.681112110030321e-05,5,False
CWE-431,-0.49500301480293274,-0.07873689383268356,1,8.454513545485391e-05,5,False
CWE-433,,,1,0.0,0,True
CWE-434,-0.03029021993279457,-0.06154598295688629,3951,0.01764228402491583,22,False
CWE-435,-0.5163949728012085,-0.45898446440696716,1,2.179696535083896e-06,2,False
CWE-436,-0.102676160633564,-0.02015201933681965,125,0.004030537272491022,8,False
CWE-437,0.3318631947040558,-0.7750679850578308,1,6.939233309378711e-06,1,False
CWE-440,-0.13240642845630646,0.21723699569702148,25,0.0003970371033365526,5,False
CWE-441,-0.099397212266922,-0.06802612543106079,126,0.002565597126536502,5,False
CWE-444,0.02473337948322296,-0.040868159383535385,399,0.009372789703686185,13,False
CWE-446,-0.15688811242580414,0.3970310091972351,2,8.19269035537925e-05,5,False
CWE-447,-0.4755363464355469,0.11425398290157318,2,7.56419047017071e-05,5,False
CWE-448,0.3585735857486725,0.13941185176372528,2,4.582591855985924e-05,6,False
CWE-449,0.13523298501968384,0.40080273151397705,3,6.926838203285899e-05,5,False
CWE-450,0.2485862821340561,0.3181167542934418,1,6.781500152919246e-05,5,False
CWE-451,0.06731895357370377,0.08274627476930618,312,0.002761425275946988,7,False
CWE-453,-0.2977890968322754,0.044630199670791626,7,0.0002412131123914283,5,False
CWE-454,0.22117719054222107,0.28759071230888367,3,2.982561205037427e-05,5,False
CWE-455,-0.4606376886367798,0.20737071335315704,2,0.0001080714827236996,5,False
CWE-456,-0.503644585609436,0.17171211540699005,1,2.413827352244667e-05,4,False
CWE-457,0.0013134849723428488,0.09827528893947601,178,0.01446815157784761,10,False
CWE-459,-0.0319937989115715,0.031058236956596375,206,0.02325911324022718,8,False
CWE-460,-0.3411210775375366,0.1099010780453682,13,0.0001194056416789839,5,False
CWE-462,,,1,0.0,0,True
CWE-463,0.18635405600070953,0.3470210134983063,2,2.70018081284436e-05,5,False
CWE-465,,,1,0.0,0,True
CWE-466,0.09636744856834412,0.20033088326454163,7,0.0003597396302536176,7,False
CWE-467,-0.41015130281448364,0.34537622332572937,2,2.701088738625492e-05,5,False
CWE-468,,,4,0.0,0,True
CWE-469,,,1,0.0,0,True
CWE-470,0.029756437987089157,-0.08928661793470383,99,0.001934883475537289,7,False
CWE-471,-0.1602824330329895,-0.23681218922138214,16,0.0002103210108896753,5,False
CWE-472,-0.06296633929014206,-0.19969268143177032,124,0.0005188039990018979,5,False
CWE-473,,,1,0.0,0,True
CWE-474,-0.12969474494457245,0.3692605793476105,3,0.0001128397360086857,7,False
CWE-475,0.16959846019744873,0.10236005485057831,5,0.0004212651078070761,6,False
CWE-476,-0.005598189774900675,0.05277804657816887,5385,0.2249114264253198,71,False
CWE-477,0.4168771505355835,-0.174664705991745,2,4.213996859368319e-06,5,False
CWE-479,,,1,0.0,0,True
CWE-480,-0.22617973387241364,0.23755335807800293,6,0.0001680000524924709,5,False
CWE-484,,,1,0.0,0,True
CWE-488,0.09905844926834106,0.21314679086208344,30,0.0001462994356757964,5,False
CWE-489,0.06693663448095322,0.014912130311131477,52,0.001690669870118132,6,False
CWE-491,-0.4007068872451782,-0.20080044865608215,4,1.045434778970338e-05,5,False
CWE-494,-0.07699988037347794,-0.08488339930772781,183,0.001942816680700241,6,False
CWE-495,,,1,0.0,0,True
CWE-497,-0.020712830126285553,0.07609589397907257,341,0.02099286338497751,10,False
CWE-501,-0.08873093128204346,-0.12250770628452301,10,0.001291875665970668,5,False
CWE-502,0.0011437543435022235,-0.06108305975794792,3035,0.0230857352265992,26,False
CWE-506,-0.04645281657576561,-0.46904927492141724,51,2.705929202716762e-05,5,False
CWE-507,,,1,0.0,0,True
CWE-514,-0.47955939173698425,0.0759252980351448,1,3.66585672242322e-05,5,False
CWE-520,-0.4607248902320862,0.07278422266244888,4,2.694632779586481e-05,5,False
CWE-521,-0.05613483861088753,-0.05062936991453171,243,0.004160014410614816,12,False
CWE-522,0.025469886139035225,-0.017775731161236763,1301,0.02295443071449746,14,False
CWE-523,-0.2077292799949646,0.17860698699951172,17,0.0001464439039033642,6,False
CWE-524,0.047913115471601486,-0.1605847030878067,51,0.0004272048224508618,5,False
CWE-525,-0.09010537713766098,-0.2263776659965515,21,0.0001000217149863117,7,False
CWE-526,-0.1768612563610077,-0.28696754574775696,15,3.971663656473344e-05,5,False
CWE-527,0.46750524640083313,-0.2327331006526947,3,8.846082800745757e-06,5,False
CWE-530,0.13391317427158356,-0.4799850881099701,7,5.201252199176288e-06,4,False
CWE-531,0.4811379909515381,-0.9438152313232422,2,5.320542003911091e-09,1,False
CWE-532,-0.021585989743471146,-0.029124239459633827,1167,0.01878690003412036,20,False
CWE-533,0.41851475834846497,-0.4341495633125305,1,3.752624018574686e-06,3,False
CWE-534,-0.44088929891586304,-0.23229677975177765,2,1.222425958610385e-05,5,False
CWE-538,-0.011719292029738426,-0.1640932559967041,58,0.001020662234512018,5,False
CWE-539,-0.2613501250743866,-0.05548138543963432,6,0.0001036368319876737,6,False
CWE-540,-0.027443740516901016,-0.27254718542099,14,4.8496054636811e-05,5,False
CWE-544,0.1980951875448227,-0.24506686627864838,4,0.0001347858406850839,6,False
CWE-547,0.053789444267749786,0.2934279143810272,9,0.0002425441449955219,5,False
CWE-548,-0.059847477823495865,-0.17080868780612946,26,0.0002076067870278283,5,False
CWE-549,-0.8223320841789246,0.3305813670158386,9,5.843667006717703e-07,1,False
CWE-550,0.4387435019016266,0.08993006497621536,3,7.948750207952285e-06,5,False
CWE-551,-0.021567614749073982,-0.3153051435947418,8,7.361547552719541e-05,6,False
CWE-552,0.01144830696284771,-0.07407399266958237,416,0.007749099649594908,7,False
CWE-553,-0.2027188241481781,0.9414753317832947,1,3.484693033039595e-08,1,False
CWE-555,-0.20243126153945923,0.2971036434173584,1,1.318401398499769e-05,5,False
CWE-556,0.3115779757499695,-0.17842550575733185,1,5.336067916831631e-05,5,False
CWE-557,-0.3845733106136322,-0.3561520278453827,3,1.488048474141534e-05,5,False
CWE-561,-0.04074735939502716,0.2768230736255646,4,0.0001255473968234288,5,False
CWE-562,-0.17823170125484467,0.503158688545227,3,6.541529499565397e-05,5,False
CWE-563,,,1,0.0,0,True
CWE-564,-0.17935673892498016,-0.31050485372543335,7,2.150899349436416e-05,5,False
CWE-565,-0.11625213921070099,-0.03946496546268463,65,0.002041853342826471,5,False
CWE-566,0.2846527695655823,0.43410906195640564,4,8.958299381715722e-06,4,False
CWE-567,-0.12052518129348755,0.03808566555380821,9,0.0004523363305815927,5,False
CWE-570,-0.031417056918144226,0.29588639736175537,1,0.000105045913154808,4,False
CWE-571,-0.41309335827827454,-0.3063010573387146,1,6.821443528219543e-06,5,False
CWE-573,-0.10876543819904327,-0.30312296748161316,6,0.0001186040237329436,5,False
CWE-590,0.05713421478867531,0.20955033600330353,13,0.0007456503836110834,5,False
CWE-591,0.09200659394264221,0.14039558172225952,11,0.001438131736282835,7,False
CWE-592,-0.4233454465866089,-0.2592567205429077,3,3.413438873152545e-05,5,False
CWE-597,0.821723461151123,-0.16813763976097107,1,9.726987648683337e-07,1,False
CWE-598,-0.16377469897270203,0.02700972743332386,59,0.0002336035669819156,6,False
CWE-599,0.32082170248031616,0.018811963498592377,10,4.947063240594163e-05,6,False
CWE-600,,,1,0.0,0,True
CWE-601,-0.0036730500869452953,-0.049856338649988174,1629,0.01707087603706058,16,False
CWE-602,0.019583141431212425,-0.18966950476169586,110,0.000416440857844844,5,False
CWE-603,0.1921589970588684,0.189273402094841,16,9.019460826578211e-05,5,False
CWE-605,,,3,0.0,0,True
CWE-606,0.1044236496090889,-0.15278270840644836,29,0.000345904677635379,6,False
CWE-610,-0.08035542815923691,0.01670839451253414,210,0.00444748845849763,6,False
CWE-611,-0.02453511953353882,-0.04844933748245239,1291,0.01386269819527357,6,False
CWE-612,0.3520153760910034,0.270475834608078,5,5.423918953394545e-06,5,False
CWE-613,-0.05584489554166794,-0.0355217382311821,604,0.008730642147847082,22,False
CWE-614,-0.16642720997333527,-0.14508338272571564,40,0.0002659823098106179,5,False
CWE-615,-0.05823063477873802,-0.36850687861442566,2,1.303016416146391e-05,5,False
CWE-616,0.35243526101112366,-0.2715587615966797,7,1.148348755571389e-05,5,False
CWE-617,-0.0008893574122339487,0.04848543182015419,799,0.1552455216823057,8,False
CWE-618,0.5446843504905701,-0.23374061286449432,1,9.546852995944552e-07,4,False
CWE-620,0.05001126602292061,-0.18225038051605225,71,0.0002379496625415253,6,False
CWE-622,,,2,0.0,0,True
CWE-623,,,1,0.0,0,True
CWE-624,-0.33712252974510193,-0.6514313817024231,2,8.651665485783204e-07,3,False
CWE-625,-0.28580281138420105,-0.23338152468204498,8,8.047668805799551e-05,5,False
CWE-626,0.4066450297832489,-0.24929814040660858,1,3.580228606368283e-05,5,False
CWE-627,-0.24973860383033752,0.9999999403953552,3,1.249552637111777e-08,1,False
CWE-628,,,2,0.0,0,True
CWE-636,-0.20675361156463623,-0.09791460633277893,43,0.000223639548083101,5,False
CWE-639,-0.010897975414991379,-0.08910393714904785,2538,0.006368779007472596,15,False
CWE-640,-0.0052832504734396935,-0.11900318413972855,280,0.00200385293982991,9,False
CWE-641,-0.011356968432664871,0.1735605150461197,9,0.001622281740814825,5,False
CWE-642,-0.24047529697418213,-0.012350109405815601,10,0.0004751307892403262,5,False
CWE-643,0.10394584387540817,0.06040506437420845,10,0.0007514205303135072,5,False
CWE-644,-0.19731102883815765,-0.040414512157440186,41,0.0001254229101544807,8,False
CWE-645,-0.06642980873584747,0.39702558517456055,5,3.603021224048587e-05,5,False
CWE-646,0.4276861846446991,0.2652498781681061,4,5.555560474900457e-05,5,False
CWE-647,0.2335413694381714,-0.2918154299259186,14,6.146041967253897e-05,6,False
CWE-648,0.09911176562309265,-0.0657675489783287,32,0.0007866691232785181,6,False
CWE-649,,,5,0.0,0,True
CWE-650,-0.4045006334781647,-0.13544780015945435,8,2.252062357990702e-05,5,False
CWE-653,-0.09316997975111008,0.2250336855649948,57,0.0005195005129137413,6,False
CWE-655,,,1,0.0,0,True
CWE-656,0.47243884205818176,-0.024991432204842567,7,1.803660655652943e-05,5,False
CWE-657,-0.09901676326990128,0.23936031758785248,6,0.0003351884376956378,5,False
CWE-662,0.012740850448608398,0.12130024284124374,52,0.004345200048300608,5,False
CWE-664,0.10384984314441681,0.12616373598575592,24,0.001432511557421444,7,False
CWE-665,-0.017241965979337692,0.027158373966813087,321,0.05311110687275089,11,False
CWE-666,,,3,0.0,0,True
CWE-667,-0.01672227308154106,0.08033251762390137,690,0.0284200713633935,10,False
CWE-668,0.004169609397649765,0.028927691280841827,684,0.05650361935228201,5,False
CWE-669,0.07230829447507858,-0.0477164089679718,112,0.002259880327835737,9,False
CWE-670,-0.025426315143704414,0.11868958920240402,136,0.005316593648802213,11,False
CWE-671,-0.31687793135643005,-0.3643779754638672,4,1.739472718737253e-05,5,False
CWE-672,-0.13011184334754944,0.002067751483991742,68,0.002104252773680008,8,False
CWE-673,,,1,0.0,0,True
CWE-674,-0.011516761034727097,0.10007078945636749,523,0.01319032958338649,11,False
CWE-675,-0.32740041613578796,0.41372883319854736,1,3.380576127988691e-05,5,False
CWE-676,-0.29108622670173645,0.16250425577163696,7,2.047529350274399e-05,5,False
CWE-680,-0.07411782443523407,0.10807666927576065,23,0.002800954628203482,5,False
CWE-681,-0.03912424296140671,0.016654817387461662,101,0.01268513687111824,6,False
CWE-682,-0.045395296066999435,0.08008401095867157,121,0.008790228008521814,6,False
CWE-683,-0.45509785413742065,0.2465769648551941,2,3.537267140528806e-05,5,False
CWE-684,-0.12426260113716125,0.30459359288215637,15,0.0002295845346857082,6,False
CWE-686,-0.001950284349732101,0.29357120394706726,2,0.0001480374988645308,5,False
CWE-688,-0.2674998641014099,-0.44546711444854736,2,4.998093425837044e-06,5,False
CWE-689,0.49030935764312744,-0.12198267132043839,1,9.667655369699762e-05,5,False
CWE-690,0.5037754774093628,0.018625503405928612,3,2.22850512794539e-05,5,False
CWE-691,-0.2611469626426697,-0.027075449004769325,20,0.0002603715434046512,5,False
CWE-692,-0.4620509743690491,-0.30698874592781067,6,5.772927288014517e-06,4,False
CWE-693,-0.0892585813999176,0.007505075074732304,547,0.006433958208897388,11,False
CWE-694,0.18616950511932373,0.41727641224861145,7,7.180022079959424e-05,5,False
CWE-696,-0.1286441534757614,-0.17481285333633423,33,0.0003457175070000406,5,False
CWE-697,-0.032389119267463684,0.06760942190885544,160,0.02270081778065419,7,False
CWE-698,-0.08834975212812424,-0.4683639109134674,14,5.17259968602201e-06,5,False
CWE-701,,,3,0.0,0,True
CWE-703,0.07101047039031982,0.13310934603214264,62,0.001407795647163346,6,False
CWE-704,-0.023998349905014038,0.045877061784267426,260,0.07152698443723676,8,False
CWE-705,-0.2709502875804901,0.5409057140350342,4,1.424584966975236e-05,3,False
CWE-706,-0.06929116696119308,0.04818933829665184,119,0.005198406355356202,6,False
CWE-707,-0.022739246487617493,-0.21694982051849365,62,0.0001911696814810737,5,False
CWE-708,-0.255231648683548,-0.2447633594274521,8,6.824485917068339e-05,6,False
CWE-710,-0.19471155107021332,0.06485260277986526,3,0.0001200784215022609,5,False
CWE-732,0.008362405002117157,-0.014200760051608086,1577,0.03150132912676301,25,False
CWE-733,0.15817762911319733,0.41518744826316833,4,9.31183887236211e-05,5,False
CWE-749,0.024259833618998528,0.06699757277965546,109,0.01367833785300081,7,False
CWE-754,-0.029542161151766777,0.05322364345192909,572,0.0203868263026531,17,False
CWE-755,0.011630009859800339,0.05406934395432472,537,0.06082775734189321,15,False
CWE-757,0.1514016091823578,-0.16351193189620972,18,0.0003141727425396334,6,False
CWE-758,-0.18302969634532928,0.21307291090488434,15,0.0003107460674718843,7,False
CWE-759,-0.09065411984920502,-0.01097128540277481,13,0.000951330204045407,6,False
CWE-760,0.33301395177841187,-0.09441731870174408,6,1.717192636606472e-05,6,False
CWE-761,,,1,0.0,0,True
CWE-762,-0.22934158146381378,0.3479769229888916,5,5.565826865048958e-05,5,False
CWE-763,0.007184468675404787,0.0808861032128334,99,0.01847101370528028,6,False
CWE-767,0.26708436012268066,-0.39288395643234253,2,2.935701281675715e-05,5,False
CWE-768,0.5139530897140503,0.11742100119590759,1,1.854359375367819e-05,5,False
CWE-769,-0.45008453726768494,0.10786961019039154,2,1.047611661454748e-05,5,False
CWE-770,-0.01595434546470642,0.0078063239343464375,2120,0.05075157543211074,76,False
CWE-771,0.19496247172355652,-0.33644136786460876,3,4.442459906344799e-05,5,False
CWE-772,0.03285348787903786,0.03894081339240074,459,0.01880916044689452,8,False
CWE-774,,,3,0.0,0,True
CWE-775,0.08561010658740997,-0.4577633738517761,5,4.084553304110704e-05,5,False
CWE-776,-0.07124422490596771,0.060925208032131195,81,0.004020994350263742,6,False
CWE-777,0.2429700493812561,-0.39930349588394165,4,6.285100287269388e-05,5,False
CWE-778,-0.18708708882331848,-0.19966556131839752,20,0.0001478519135675835,5,False
CWE-779,0.11411648243665695,-0.38233256340026855,8,4.631376520085057e-05,5,False
CWE-780,,,1,0.0,0,True
CWE-782,-0.487714022397995,-0.2128627449274063,32,3.724696885537367e-05,5,False
CWE-783,-0.16063103079795837,-0.10798216611146927,7,0.0006750331049363491,8,False
CWE-784,,,1,0.0,0,True
CWE-786,-0.10790842026472092,0.29163822531700134,2,0.0002455179301988769,5,False
CWE-787,-0.0072766561061143875,0.03308534994721413,13683,0.3543330607411163,185,False
CWE-788,0.1274677962064743,0.08700443804264069,15,0.0004470023397681443,7,False
CWE-789,-0.08799698203802109,0.11868457496166229,155,0.002638134734398633,10,False
CWE-790,-0.6421194076538086,0.21357788145542145,7,3.33142634609869e-06,2,False
CWE-791,0.23679213225841522,-0.21023258566856384,31,2.714208333696269e-05,5,False
CWE-792,0.5497646927833557,0.6186339259147644,1,2.358727581230356e-06,1,False
CWE-794,0.25133103132247925,0.8733360171318054,1,4.690329386866368e-08,1,False
CWE-798,-0.025941848754882812,-0.01919712871313095,1700,0.03093356955985755,26,False
CWE-799,-0.12036526948213577,-0.20732536911964417,37,0.0002653017512305589,6,False
CWE-804,-0.15164715051651,-0.3520669639110565,9,5.377820232534873e-05,5,False
CWE-805,-0.0553806908428669,0.1813008189201355,33,0.0008188695705214847,7,False
CWE-807,-0.020085351541638374,-0.12326335161924362,71,0.002318667483060548,7,False
CWE-820,-0.02443540282547474,0.19750702381134033,8,0.001113451682621758,5,False
CWE-821,0.2166917622089386,0.18820887804031372,7,0.0001560718337093301,5,False
CWE-822,-0.004816541913896799,0.08522438257932663,138,0.01638083107641116,7,False
CWE-823,-0.026675624772906303,0.0922546237707138,35,0.01078203473815028,6,False
CWE-824,-0.01481824740767479,0.06391838937997818,270,0.06191406442556269,10,False
CWE-825,0.07026994973421097,0.10676950216293335,25,0.0007930547564495658,6,False
CWE-826,0.009986468590795994,-0.5774474740028381,4,6.109533133615492e-05,5,False
CWE-828,0.1490800380706787,0.5327438116073608,2,3.228513007353961e-05,5,False
CWE-829,0.0007557526114396751,-0.08127222955226898,255,0.003516157010070021,8,False
CWE-830,-0.33189019560813904,0.06973322480916977,8,0.000211391357881266,5,False
CWE-832,0.4845094084739685,0.07123816013336182,1,2.63564320619916e-05,5,False
CWE-833,0.0659109503030777,0.25692132115364075,13,0.000324846317827814,5,False
CWE-834,-0.04651564732193947,0.11536671966314316,90,0.004502106395178034,6,False
CWE-835,0.002445928053930402,0.05998510867357254,864,0.09962899125597328,19,False
CWE-836,-0.36390581727027893,0.04727599397301674,7,3.827542493212288e-05,5,False
CWE-837,0.1802828460931778,0.06425723433494568,13,0.0003570291778759953,7,False
CWE-838,0.19129236042499542,-0.021892650052905083,11,0.0003785443428449295,6,False
CWE-839,0.3880758285522461,0.06401635706424713,2,2.796088754753345e-05,5,False
CWE-840,-0.10702486336231232,-0.2180097997188568,44,0.0001369875359460191,5,False
CWE-841,0.14038075506687164,0.017701933160424232,40,0.001177065945967712,5,False
CWE-842,0.43856915831565857,0.1758875846862793,4,8.520461308142876e-06,5,False
CWE-843,0.0006745989667251706,0.07189887017011642,742,0.03177039128885786,18,False
CWE-862,-0.00795373972505331,-0.026479557156562805,9478,0.03275649348182421,49,False
CWE-863,-0.019663941115140915,-0.0025097504258155823,3465,0.09737955054023613,75,False
CWE-882,0.2210083156824112,-0.4509226977825165,1,2.557497308407112e-05,5,False
CWE-908,-0.017863865941762924,0.05613620951771736,796,0.06205859917715183,12,False
CWE-909,-0.03583502024412155,0.10105342417955399,87,0.00801087108322368,5,False
CWE-910,,,1,0.0,0,True
CWE-911,0.2735683023929596,0.15579849481582642,6,0.0001989366687833123,5,False
CWE-912,0.0803598165512085,0.01648866757750511,52,0.0007254906761830278,5,False
CWE-913,-0.09033805131912231,0.10571099817752838,89,0.001967642195273372,5,False
CWE-914,,,2,0.0,0,True
CWE-915,-0.03313298523426056,-0.1712537258863449,91,0.0005975202965731751,6,False
CWE-916,-0.01251297164708376,-0.0682130977511406,108,0.00241908123816886,6,False
CWE-917,-0.07059326022863388,-0.09641051292419434,191,0.001501764004641504,5,False
CWE-918,-0.009878953918814659,-0.07857222110033035,3449,0.01712773299176102,49,False
CWE-920,-0.18878115713596344,0.12580086290836334,4,0.0003474868628268138,5,False
CWE-921,,,4,0.0,0,True
CWE-922,-0.07311329990625381,0.015178214758634567,244,0.006466745920810019,6,False
CWE-923,-0.10824158042669296,0.14542903006076813,43,0.001448758358972038,8,False
CWE-924,0.14030857384204865,-0.00923512876033783,31,0.0007594235238449099,6,False
CWE-925,-0.37451526522636414,0.31411921977996826,3,8.975658417743447e-06,5,False
CWE-926,-0.01932874321937561,0.2733851671218872,58,0.0002617134913676824,6,False
CWE-927,0.46227210760116577,-0.005957399029284716,8,9.66765536969976e-05,6,False
CWE-939,-0.27840590476989746,0.009114847518503666,16,0.0001687241453494364,5,False
CWE-940,0.2575811743736267,-0.0781717598438263,36,0.0001589725141173889,6,False
CWE-941,0.3735717833042145,-0.2473551481962204,6,1.222059435275003e-05,5,False
CWE-942,0.1108621135354042,-0.02375006303191185,68,0.001283374666624518,5,False
CWE-943,-0.047098997980356216,-0.09538479894399643,98,0.000858115075132537,6,False
CWE-1004,0.22773496806621552,-0.02173108607530594,14,0.0001105517159641149,8,False
CWE-1007,0.4067137837409973,0.2969486117362976,2,6.679798291097862e-05,5,False
CWE-1018,0.4103979468345642,0.1995084285736084,1,3.760598541922417e-06,5,False
CWE-1021,-0.05648478493094444,-0.001264764228835702,390,0.01028251909836094,9,False
CWE-1022,-0.26168742775917053,-0.2975499927997589,6,1.585835779271929e-05,5,False
CWE-1023,0.11612369120121002,-0.06985495239496231,11,0.001287475253939061,5,False
CWE-1025,0.3113802969455719,-0.07030860334634781,15,8.6185701669275e-05,5,False
CWE-1026,-0.25146958231925964,-0.4784662127494812,1,4.4004697971277e-06,4,False
CWE-1027,,,1,0.0,0,True
CWE-1032,,,1,0.0,0,True
CWE-1035,,,13,0.0,0,True
CWE-1037,-0.2451554834842682,0.3302837610244751,3,0.000177083236597739,5,False
CWE-1038,0.4714348018169403,0.03852362185716629,4,1.752939244923529e-05,5,False
CWE-1039,0.0023044494446367025,0.21334519982337952,2,0.0006935617415570052,5,False
CWE-1046,0.09148857742547989,0.4950147569179535,1,5.373736600425553e-05,5,False
CWE-1049,,,1,0.0,0,True
CWE-1050,0.20279480516910553,-0.42002272605895996,9,4.790253824520806e-05,5,False
CWE-1059,-0.3885617256164551,0.2843596935272217,2,3.092729622308148e-05,5,False
CWE-1068,0.44920122623443604,0.05828113853931427,2,8.21660270002219e-05,5,False
CWE-1072,,,1,0.0,0,True
CWE-1076,0.18384432792663574,-0.4239570200443268,1,2.117677897105419e-05,5,False
CWE-1077,0.06632008403539658,0.38992226123809814,3,9.640535567020556e-05,5,False
CWE-1088,0.2973439693450928,-0.16593854129314423,5,3.423059088861891e-05,5,False
CWE-1100,0.4723316729068756,-0.26719996333122253,1,8.486719204393987e-06,5,False
CWE-1102,,,1,0.0,0,True
CWE-1103,0.05645700544118881,-0.5507605671882629,1,4.009419658884556e-06,5,False
CWE-1104,-0.18584008514881134,-0.1726248562335968,19,0.0001077373059112803,5,False
CWE-1106,0.3726784586906433,-0.35646629333496094,1,3.586222823005395e-06,4,False
CWE-1108,-0.4658777415752411,-0.0530405156314373,2,5.100351860775785e-06,5,False
CWE-1112,0.09986289590597153,0.4756130576133728,1,6.611665472138834e-06,5,False
CWE-1116,0.2954045832157135,-0.3612085282802582,1,3.60912840145398e-05,5,False
CWE-1119,-0.00430250121280551,0.4906036853790283,1,3.111599053167398e-05,5,False
CWE-1124,0.17061983048915863,-0.4645332992076874,1,3.389310054747742e-05,6,False
CWE-1125,0.866729736328125,-0.14845936000347137,1,3.902655242692969e-07,1,False
CWE-1149,,,1,0.0,0,True
CWE-1164,,,1,0.0,0,True
CWE-1173,-0.7328642010688782,0.002318305429071188,2,2.381176716725643e-06,2,False
CWE-1174,,,1,0.0,0,True
CWE-1176,0.159585639834404,0.48666930198669434,2,3.078661138337614e-05,5,False
CWE-1187,-0.015129944309592247,0.12571103870868683,3,0.004581451525116331,5,False
CWE-1188,0.01789952628314495,-0.02344428189098835,264,0.008944733578083461,8,False
CWE-1189,,,6,0.0,0,True
CWE-1191,-0.205159991979599,0.11835432797670364,27,7.615150313003707e-05,6,False
CWE-1204,,,2,0.0,0,True
CWE-1220,0.031769607216119766,0.02468506433069706,72,0.0162252582651243,7,False
CWE-1223,0.02309814654290676,0.3997756838798523,2,0.0001040473100248228,5,False
CWE-1230,-0.18028749525547028,0.014983301982283592,19,0.0007298185644434546,5,False
CWE-1231,,,2,0.0,0,True
CWE-1233,-0.40785491466522217,-0.06891102343797684,4,5.207415844039217e-06,4,False
CWE-1234,,,2,0.0,0,True
CWE-1236,-0.03424099460244179,-0.11333737522363663,303,0.001177455929418214,5,False
CWE-1240,-0.11644866317510605,0.0775735005736351,15,0.001937157215059066,5,False
CWE-1241,0.10160201042890549,-0.4920710623264313,7,1.422967701901354e-05,5,False
CWE-1242,0.021055569872260094,-0.33694005012512207,14,6.701451334690931e-05,5,False
CWE-1244,0.3336293399333954,0.07373922318220139,9,3.25210065918688e-05,5,False
CWE-1245,,,5,0.0,0,True
CWE-1246,,,1,0.0,0,True
CWE-1247,,,3,0.0,0,True
CWE-1250,0.4844644069671631,0.21089763939380646,3,1.951914571171625e-05,5,False
CWE-1251,,,1,0.0,0,True
CWE-1254,0.1324809193611145,0.2162710428237915,3,0.0003575361381502562,5,False
CWE-1255,,,2,0.0,0,True
CWE-1256,,,4,0.0,0,True
CWE-1257,0.025034425780177116,0.054088592529296875,2,0.01400335606011856,5,False
CWE-1258,0.10095135867595673,0.2884279191493988,12,0.0002682016004279238,5,False
CWE-1259,-0.21715527772903442,0.2640018165111542,13,3.991020513795232e-05,5,False
CWE-1260,-0.04551472142338753,0.13887731730937958,15,0.0003384179721405952,6,False
CWE-1262,0.01626310683786869,0.09115028381347656,8,0.008859719181706294,5,False
CWE-1263,0.19645293056964874,0.16237905621528625,10,3.475862276933246e-05,5,False
CWE-1264,,,1,0.0,0,True
CWE-1268,-0.12075623869895935,0.5378002524375916,1,0.0001053338059244335,5,False
CWE-1270,0.2185649424791336,0.09555350244045258,6,0.0001073877872705462,6,False
CWE-1274,0.26263490319252014,0.07113972306251526,8,3.534360540611436e-05,7,False
CWE-1275,0.057981058955192566,-0.3066570460796356,9,0.0002212011089081167,7,False
CWE-1276,-0.47444942593574524,-0.014255320653319359,1,1.636973015166645e-05,5,False
CWE-1277,,,1,0.0,0,True
CWE-1278,0.5202538371086121,-0.4468158185482025,1,7.630351528744948e-07,2,False
CWE-1280,-0.5363041758537292,0.046155065298080444,3,4.865729873896352e-05,5,False
CWE-1281,,,5,0.0,0,True
CWE-1282,0.6345846652984619,0.303110808134079,7,8.524459969525621e-06,2,False
CWE-1283,-0.009968851692974567,-0.939281702041626,1,5.577082189877769e-08,1,False
CWE-1284,-0.033107560127973557,0.058357998728752136,334,0.02400414296662605,10,False
CWE-1285,0.2548980712890625,0.006491194944828749,26,0.0002682714399570918,7,False
CWE-1286,0.038107771426439285,0.05974872037768364,55,0.01351803529124955,7,False
CWE-1287,0.07041751593351364,0.07457787543535233,103,0.004011489764302564,8,False
CWE-1288,0.12776024639606476,-0.006410484202206135,17,0.001587434521035573,7,False
CWE-1289,-0.27724483609199524,-0.03235951066017151,21,8.129822240992498e-05,5,False
CWE-1294,0.028131654486060143,0.0967378318309784,1,0.007159158307289133,5,False
CWE-1295,-0.25910264253616333,0.25780874490737915,12,8.10809878062775e-05,5,False
CWE-1298,,,2,0.0,0,True
CWE-1299,-0.05855024233460426,-0.08079259097576141,4,0.000302336153199769,4,False
CWE-1300,-0.3074047565460205,0.11131613701581955,34,0.000264804563768071,5,False
CWE-1301,0.2885664999485016,0.24086299538612366,2,4.582591855985924e-05,5,False
CWE-1303,,,1,0.0,0,True
CWE-1304,,,2,0.0,0,True
CWE-1310,0.03251070901751518,0.1851831078529358,1,0.001185812835434,5,False
CWE-1312,,,1,0.0,0,True
CWE-1313,,,1,0.0,0,True
CWE-1314,0.3111932575702667,-0.3953949213027954,1,4.816040406243789e-06,5,False
CWE-1316,,,1,0.0,0,True
CWE-1319,0.09227649122476578,-0.4285690486431122,1,2.074314950192867e-05,5,False
CWE-1320,-0.1757991462945938,-0.608386218547821,3,1.309522860599815e-06,3,False
CWE-1321,-0.03548780456185341,-0.07225766032934189,535,0.004419852017672018,7,False
CWE-1322,,,1,0.0,0,True
CWE-1323,0.5052939653396606,-0.20743410289287567,2,8.608029993918959e-06,5,False
CWE-1325,-0.017875470221042633,0.3186037540435791,16,0.0001927521984416869,5,False
CWE-1326,-0.13095775246620178,-0.4370889663696289,6,7.092622422186813e-06,5,False
CWE-1327,-0.3144913911819458,0.14801695942878723,15,5.65889736787505e-05,5,False
CWE-1328,0.14673636853694916,0.14037954807281494,5,0.000120142929284228,5,False
CWE-1329,-0.02747318521142006,0.17187418043613434,4,0.001462581188309888,5,False
CWE-1330,,,1,0.0,0,True
CWE-1332,0.3558706045150757,-0.056838247925043106,1,0.0001576745516547829,5,False
CWE-1333,-0.07493264973163605,-0.053239379078149796,447,0.003242040456915785,5,False
CWE-1334,,,1,0.0,0,True
CWE-1335,-0.06880731880664825,0.259678453207016,4,0.0004157668426133491,5,False
CWE-1336,-0.0559936948120594,-0.14249607920646667,140,0.0005404581487623412,5,False
CWE-1342,,,2,0.0,0,True
CWE-1357,0.024626299738883972,-0.45637863874435425,9,2.454263670375106e-05,5,False
CWE-1366,,,1,0.0,0,True
CWE-1384,,,2,0.0,0,True
CWE-1385,0.06228112056851387,-0.2677745819091797,26,8.584997298346663e-05,5,False
CWE-1386,0.6127188801765442,0.04783455282449722,6,9.083832082361452e-06,4,False
CWE-1389,,,1,0.0,0,True
CWE-1390,0.013699682429432869,0.07177522033452988,64,0.02261423286401007,6,False
CWE-1391,0.24389685690402985,-0.10995730012655258,43,0.0001350606352749506,5,False
CWE-1392,0.002318493090569973,-0.14375664293766022,90,0.0005528119467075268,6,False
CWE-1393,0.019039129838347435,-0.244114488363266,27,0.0001399311179080383,5,False
CWE-1394,0.294491171836853,-0.22966356575489044,16,5.669339210992868e-05,5,False
