cwe_id,feature_year,current_centrality,actual_next_centrality,predicted_next_centrality,naive_predicted_next_centrality
CWE-15,2025,0.0008887321468943332,0.0017634000788947501,0.009870277899306975,0.0008887321468943332
CWE-20,2025,0.1425278386037559,0.09400074009284076,0.13352438004849798,0.1425278386037559
CWE-22,2025,0.029289768375463515,0.07802044751814191,0.04125344161332693,0.029289768375463515
CWE-23,2025,0.013112879137844858,0.022908473131137363,0.02252608526648046,0.013112879137844858
CWE-24,2025,0.0009727179878004575,0.0009019529464129939,0.009870277899306975,0.0009727179878004575
CWE-29,2025,0.00024128674346102037,0.00035236168822679373,0.009870277899306975,0.00024128674346102037
CWE-35,2025,0.0012355706956542957,0.009636932681115977,0.009870277899306975,0.0012355706956542957
CWE-36,2025,0.0004576361934592952,0.01997387097462777,0.009870277899306975,0.0004576361934592952
CWE-41,2025,0.010573753405691895,0.019261138477407583,0.020950937987566892,0.010573753405691895
CWE-59,2025,0.01710858284151061,0.03758734888854499,0.023822342704385026,0.01710858284151061
CWE-61,2025,0.0006107192610829802,0.004730259810366666,0.009870277899306975,0.0006107192610829802
CWE-64,2025,3.1301581544407266e-06,0.0,0.009870277899306975,3.1301581544407266e-06
CWE-73,2025,0.020925478304828677,0.037675896236772796,0.03339807565422874,0.020925478304828677
CWE-74,2025,0.006918607065398745,0.010754213026447678,0.0179948216902801,0.006918607065398745
CWE-77,2025,0.029587169241183455,0.05442468429981078,0.04125344161332693,0.029587169241183455
CWE-78,2025,0.019209361048737564,0.06744001518925513,0.04126020786223939,0.019209361048737564
CWE-79,2025,0.04601049471775409,0.05936985452161794,0.055013638230431955,0.04601049471775409
CWE-80,2025,0.0020880386103160533,0.00484034639164126,0.009870277899306975,0.0020880386103160533
CWE-84,2025,-0.0,5.274063188700395e-05,0.009870277899306975,-0.0
CWE-88,2025,0.0012626727979174182,0.008889103998483975,0.009870277899306975,0.0012626727979174182
CWE-89,2025,0.013155595504883353,0.027790041695955274,0.037178861361884065,0.013155595504883353
CWE-90,2025,0.00024644078838330374,0.0068747056643189055,0.009870277899306975,0.00024644078838330374
CWE-91,2025,0.00035883599168301544,0.0014088248352466023,0.009870277899306975,0.00035883599168301544
CWE-93,2025,0.0011510587427845023,0.005592204706591235,0.009870277899306975,0.0011510587427845023
CWE-94,2025,0.013585891350562476,0.031109171262757977,0.037178861361884065,0.013585891350562476
CWE-95,2025,0.0010534320705376725,0.00291662134550299,0.009870277899306975,0.0010534320705376725
CWE-96,2025,-0.0,0.0002590621242902004,0.009870277899306975,-0.0
CWE-98,2025,0.0006641635182282977,0.0003063325263871191,0.009870277899306975,0.0006641635182282977
CWE-99,2025,0.0002719636608530373,0.0012319583182449892,0.009870277899306975,0.0002719636608530373
CWE-113,2025,0.0005556324036230821,0.0021754316690336434,0.009870277899306975,0.0005556324036230821
CWE-114,2025,0.00023062011575913533,0.0,0.009870277899306975,0.00023062011575913533
CWE-115,2025,0.0012860731825756321,0.0,0.009870277899306975,0.0012860731825756321
CWE-116,2025,0.003594789645098283,0.018236714776066337,0.009870277899306975,0.003594789645098283
CWE-117,2025,0.001567178786132332,0.0025586071851791035,0.009870277899306975,0.001567178786132332
CWE-119,2025,0.19588617150525892,0.03155044909036356,0.15775054470292907,0.19588617150525892
CWE-120,2025,0.24570776970107994,0.2206342850555086,0.27233997494108986,0.24570776970107994
CWE-121,2025,0.07296371226853281,0.2799969860135935,0.06645272251875461,0.07296371226853281
CWE-122,2025,0.03969591777200331,0.10938713001854324,0.04351453103311755,0.03969591777200331
CWE-124,2025,0.004330487891739176,0.004456611241996643,0.010508276268184123,0.004330487891739176
CWE-125,2025,0.29076158668926666,0.2423838850211808,0.30305350450889884,0.29076158668926666
CWE-126,2025,0.23402479133552195,0.24393506572075105,0.17240500203060033,0.23402479133552195
CWE-129,2025,0.2263360077053394,0.07950673666395948,0.16089569074631135,0.2263360077053394
CWE-130,2025,0.0022501606780300845,0.0027948280748209407,0.009870277899306975,0.0022501606780300845
CWE-131,2025,0.2425085134763008,0.033407001742612394,0.271883546480806,0.2425085134763008
CWE-134,2025,0.0015443938260913614,0.027298249745889878,0.009870277899306975,0.0015443938260913614
CWE-140,2025,0.0010696141169146494,5.476835140584975e-05,0.009870277899306975,0.0010696141169146494
CWE-150,2025,0.000297873638846547,0.0011912000462990379,0.009870277899306975,0.000297873638846547
CWE-155,2025,2.9343191058352024e-05,0.0004318562089687075,0.009870277899306975,2.9343191058352024e-05
CWE-156,2025,0.0001134563563310149,0.0,0.009870277899306975,0.0001134563563310149
CWE-158,2025,0.0021656340325174957,0.0009190002860262264,0.009870277899306975,0.0021656340325174957
CWE-178,2025,0.00015794184090269157,0.006292314525895148,0.009870277899306975,0.00015794184090269157
CWE-184,2025,0.0008384707751036696,0.013294487502234395,0.009870277899306975,0.0008384707751036696
CWE-190,2025,0.15623376335526248,0.24279131218858366,0.1492203108572925,0.15623376335526248
CWE-191,2025,0.016092192750124315,0.15449178504320527,0.02304746741191574,0.016092192750124315
CWE-193,2025,0.002278325732693743,0.02461091027242749,0.009870277899306975,0.002278325732693743
CWE-200,2025,0.2144787810040494,0.18773016700813824,0.15857741857710225,0.2144787810040494
CWE-201,2025,0.014974948021586013,0.017346118735232213,0.02252608526648046,0.014974948021586013
CWE-202,2025,6.438256349201175e-05,7.064417120415766e-05,0.009870277899306975,6.438256349201175e-05
CWE-203,2025,0.004542154411152538,0.013246016551705684,0.020714503997466577,0.004542154411152538
CWE-204,2025,0.0010961035887267852,0.004267567005443416,0.009870277899306975,0.0010961035887267852
CWE-208,2025,0.0007051215244248469,0.008140385730743093,0.009870277899306975,0.0007051215244248469
CWE-209,2025,0.013035814194071748,0.025674255330633472,0.037178861361884065,0.013035814194071748
CWE-212,2025,0.002210973120376194,0.033132981518071064,0.009870277899306975,0.002210973120376194
CWE-226,2025,0.00013528526256876042,0.0005092565205677858,0.009870277899306975,0.00013528526256876042
CWE-241,2025,8.46101479161633e-07,0.0,0.009870277899306975,8.46101479161633e-07
CWE-244,2025,0.00030820871188162654,0.0010024564054471002,0.009870277899306975,0.00030820871188162654
CWE-248,2025,0.003248766634556277,0.02111802841234601,0.009870277899306975,0.003248766634556277
CWE-250,2025,0.001804548098791055,0.015889309454894158,0.009870277899306975,0.001804548098791055
CWE-252,2025,0.0034621614248535955,0.007914605280782128,0.009870277899306975,0.0034621614248535955
CWE-255,2025,0.00024779007425600267,0.0,0.009870277899306975,0.00024779007425600267
CWE-256,2025,0.0007038333795328025,0.0007411622069820656,0.009870277899306975,0.0007038333795328025
CWE-257,2025,0.0006082354221821774,0.00972703750069461,0.009870277899306975,0.0006082354221821774
CWE-259,2025,0.0015109080174624612,0.00045087918391616735,0.009870277899306975,0.0015109080174624612
CWE-260,2025,0.00013947742407805343,0.0,0.009870277899306975,0.00013947742407805343
CWE-261,2025,0.0014567068231746533,9.105439905542565e-05,0.009870277899306975,0.0014567068231746533
CWE-264,2025,0.0626797133795967,2.5381664871412906e-05,0.05928342120544038,0.0626797133795967
CWE-266,2025,0.005512841824201198,0.031814531940930285,0.01590043379656183,0.005512841824201198
CWE-267,2025,0.0015667728540884438,0.009253839466432037,0.009870277899306975,0.0015667728540884438
CWE-268,2025,0.00022096404347123343,0.0002565538945744753,0.009870277899306975,0.00022096404347123343
CWE-269,2025,0.031670789587435286,0.05127687255418455,0.041568927273539114,0.031670789587435286
CWE-270,2025,0.0012568754094075653,0.0005921293822868077,0.009870277899306975,0.0012568754094075653
CWE-272,2025,7.001827994861494e-05,0.008489719653507272,0.009870277899306975,7.001827994861494e-05
CWE-276,2025,0.009860722642899607,0.005215946105529253,0.020950937987566892,0.009860722642899607
CWE-277,2025,0.00010081558430004843,0.0013317019488553678,0.009870277899306975,0.00010081558430004843
CWE-279,2025,0.0007065468907764215,0.0009743416691263877,0.009870277899306975,0.0007065468907764215
CWE-280,2025,0.008064376420009893,0.02905507198224532,0.0179948216902801,0.008064376420009893
CWE-281,2025,0.004614951358612415,0.001642821531371712,0.010508276268184123,0.004614951358612415
CWE-282,2025,0.00016236920835864413,0.0003403263593017365,0.009870277899306975,0.00016236920835864413
CWE-283,2025,9.493448730534891e-05,0.0010513572003696345,0.009870277899306975,9.493448730534891e-05
CWE-284,2025,0.19531887627717212,0.06733558704498838,0.15569625170349544,0.19531887627717212
CWE-285,2025,0.0073821446183446925,0.04215316103487023,0.0179948216902801,0.0073821446183446925
CWE-286,2025,0.00034007952425268165,0.0006398574595904453,0.009870277899306975,0.00034007952425268165
CWE-287,2025,0.10174043650444353,0.05116898129707174,0.07704250638846144,0.10174043650444353
CWE-288,2025,0.00821742370731478,0.03464029626046471,0.03264759778568371,0.00821742370731478
CWE-289,2025,3.960365764227425e-05,0.00203828972295328,0.009870277899306975,3.960365764227425e-05
CWE-290,2025,0.0099657148901161,0.03500176100974111,0.0356037140829705,0.0099657148901161
CWE-294,2025,0.00014053526515899934,0.022384749606726644,0.009870277899306975,0.00014053526515899934
CWE-295,2025,0.022547589254500396,0.05159309716139224,0.039863899741826685,0.022547589254500396
CWE-297,2025,0.0005885402636310637,0.0015425419634851796,0.009870277899306975,0.0005885402636310637
CWE-298,2025,3.403151953453162e-05,0.0005313725206011589,0.009870277899306975,3.403151953453162e-05
CWE-300,2025,0.002229174489001315,0.00048724967211602574,0.009870277899306975,0.002229174489001315
CWE-302,2025,0.00013275752304252715,0.0021320817839795268,0.009870277899306975,0.00013275752304252715
CWE-303,2025,0.0006501558617800972,0.012820207646344587,0.009870277899306975,0.0006501558617800972
CWE-304,2025,0.0014699179640447957,0.0005942260888329096,0.009870277899306975,0.0014699179640447957
CWE-305,2025,0.0036743428350658434,0.002805388452028474,0.009870277899306975,0.0036743428350658434
CWE-306,2025,0.04263570468062428,0.22735933549880014,0.05446651796741985,0.04263570468062428
CWE-307,2025,0.0018158249704011361,0.006732815937084629,0.009870277899306975,0.0018158249704011361
CWE-310,2025,0.1460786594003175,0.0007475254520769196,0.14366787901664535,0.1460786594003175
CWE-311,2025,0.0009650210751870566,0.001978084749448003,0.009870277899306975,0.0009650210751870566
CWE-312,2025,0.0048958408105525845,0.030328171210951875,0.01407250608923179,0.0048958408105525845
CWE-316,2025,0.00017179976150947154,2.82102491302212e-05,0.009870277899306975,0.00017179976150947154
CWE-319,2025,0.007750228767237283,0.030741063901626703,0.0179948216902801,0.007750228767237283
CWE-320,2025,8.5419968638758e-06,0.0006670861309541427,0.009870277899306975,8.5419968638758e-06
CWE-321,2025,0.013444700507850738,0.00870240968731925,0.02252608526648046,0.013444700507850738
CWE-324,2025,0.008041427966077971,2.698007955973518e-05,0.0179948216902801,0.008041427966077971
CWE-325,2025,0.009068787192056874,0.1471779361069862,0.020950937987566892,0.009068787192056874
CWE-326,2025,0.0023979448869721936,0.010643778910571474,0.009870277899306975,0.0023979448869721936
CWE-327,2025,0.0018087277176184254,0.015178710591208329,0.009870277899306975,0.0018087277176184254
CWE-328,2025,0.0002963527118230756,0.0008163010251278062,0.009870277899306975,0.0002963527118230756
CWE-330,2025,1.6290837754110693e-05,0.006605464376316428,0.009870277899306975,1.6290837754110693e-05
CWE-331,2025,0.0002331899789922906,0.018911938703279518,0.009870277899306975,0.0002331899789922906
CWE-338,2025,0.0003107278635955819,0.0011064824434007582,0.009870277899306975,0.0003107278635955819
CWE-340,2025,0.00563040810500861,0.0005831077148629974,0.01649096116469251,0.00563040810500861
CWE-345,2025,0.013680961900656248,0.013188688121678964,0.02252608526648046,0.013680961900656248
CWE-346,2025,0.007548530627780498,0.02862031768624367,0.0179948216902801,0.007548530627780498
CWE-347,2025,0.014137271208326533,0.03284583184511208,0.02252608526648046,0.014137271208326533
CWE-348,2025,-0.0,0.002632532628377092,0.009870277899306975,-0.0
CWE-349,2025,0.010452783341154384,0.01981341968378433,0.020950937987566892,0.010452783341154384
CWE-351,2025,0.0002605029414994197,0.0006398574595904456,0.009870277899306975,0.0002605029414994197
CWE-352,2025,0.014092454742755112,0.030898713292092952,0.037178861361884065,0.014092454742755112
CWE-353,2025,0.00902977976565951,0.001965366888277241,0.019312472764483696,0.00902977976565951
CWE-354,2025,0.002466089654690113,0.00889575379802286,0.009870277899306975,0.002466089654690113
CWE-356,2025,0.0008083872858881637,0.0008407663020795874,0.009870277899306975,0.0008083872858881637
CWE-357,2025,0.002840900205986354,0.01855156042151895,0.009870277899306975,0.002840900205986354
CWE-358,2025,0.002508399994647196,0.01826621349230738,0.009870277899306975,0.002508399994647196
CWE-359,2025,0.005705545914272428,0.14007477853610772,0.01707790901655403,0.005705545914272428
CWE-362,2025,0.022332998644457012,0.05464200501082334,0.039863899741826685,0.022332998644457012
CWE-367,2025,0.11518912599448917,0.2190847905547925,0.07870715331515653,0.11518912599448917
CWE-369,2025,0.00261081934289099,0.02573566943242147,0.009870277899306975,0.00261081934289099
CWE-377,2025,8.779280345491836e-05,0.0031831357443230083,0.009870277899306975,8.779280345491836e-05
CWE-378,2025,9.41195618367678e-05,0.0008338191999667237,0.009870277899306975,9.41195618367678e-05
CWE-379,2025,0.00011821171932566938,0.01594608700533274,0.009870277899306975,0.00011821171932566938
CWE-384,2025,0.0020616185019098694,0.0037592292543105975,0.009870277899306975,0.0020616185019098694
CWE-385,2025,0.0001832257233080916,0.000339524585683342,0.009870277899306975,0.0001832257233080916
CWE-390,2025,0.00985864269016651,0.002149060080107643,0.020950937987566892,0.00985864269016651
CWE-394,2025,0.00035059528574942617,0.0004421960520793955,0.009870277899306975,0.00035059528574942617
CWE-400,2025,0.036836552026556994,0.06554688479799745,0.04259905557037727,0.036836552026556994
CWE-401,2025,0.01608290126594641,0.12907758255132862,0.02304746741191574,0.01608290126594641
CWE-402,2025,2.998302781686355e-05,0.0,0.009870277899306975,2.998302781686355e-05
CWE-404,2025,0.014894681985680346,0.0037572136936568816,0.02252608526648046,0.014894681985680346
CWE-405,2025,7.018610876613642e-05,0.0019127663441823358,0.009870277899306975,7.018610876613642e-05
CWE-407,2025,0.0003613566227377598,0.00509621443479169,0.009870277899306975,0.0003613566227377598
CWE-409,2025,0.0002662432816901471,0.008101534982705305,0.009870277899306975,0.0002662432816901471
CWE-410,2025,0.004009352272700715,0.008182415640309425,0.009870277899306975,0.004009352272700715
CWE-415,2025,0.18858090520333903,0.0864025572341107,0.15569625170349544,0.18858090520333903
CWE-416,2025,0.27894558242783507,0.2742298423758707,0.2961129864352833,0.27894558242783507
CWE-420,2025,5.8326470046402636e-05,0.008832009592979346,0.009870277899306975,5.8326470046402636e-05
CWE-424,2025,6.63875267875884e-05,0.00021023131221846353,0.009870277899306975,6.63875267875884e-05
CWE-425,2025,0.0003857698190099399,0.0016339974838520022,0.009870277899306975,0.0003857698190099399
CWE-426,2025,0.00647341816512774,0.028731985565773707,0.0179948216902801,0.00647341816512774
CWE-427,2025,0.0026322480516318735,0.02340801061345828,0.009870277899306975,0.0026322480516318735
CWE-428,2025,0.001097575272092326,0.0011751528318042174,0.009870277899306975,0.001097575272092326
CWE-434,2025,0.014570573973315154,0.00985911733798212,0.037178861361884065,0.014570573973315154
CWE-440,2025,0.0011844803842722643,0.0009957133601471559,0.009870277899306975,0.0011844803842722643
CWE-441,2025,0.0006607419353463167,0.025252310599993052,0.009870277899306975,0.0006607419353463167
CWE-444,2025,0.0005575525480962027,0.010347197867750726,0.009870277899306975,0.0005575525480962027
CWE-451,2025,0.005253524593180109,0.020303464056591072,0.01590043379656183,0.005253524593180109
CWE-457,2025,0.010324760856629929,0.15432349675550763,0.020950937987566892,0.010324760856629929
CWE-459,2025,0.007698282223770558,0.005599392111755917,0.0179948216902801,0.007698282223770558
CWE-470,2025,0.00012070972807638119,0.002285792629604904,0.009870277899306975,0.00012070972807638119
CWE-472,2025,0.00043816135339917435,0.002240299355366278,0.009870277899306975,0.00043816135339917435
CWE-476,2025,0.20328335474209303,0.24285101948295834,0.15768047740752408,0.20328335474209303
CWE-488,2025,-0.0,0.0014231419206403159,0.009870277899306975,-0.0
CWE-489,2025,0.010045681495073183,0.00026618498051768016,0.020950937987566892,0.010045681495073183
CWE-494,2025,0.0011398704906374715,0.0018617589661594832,0.009870277899306975,0.0011398704906374715
CWE-497,2025,0.13178835120898663,0.08691504967062749,0.13187381567120215,0.13178835120898663
CWE-502,2025,0.011858242757254616,0.04628609372377713,0.03584982358750252,0.011858242757254616
CWE-506,2025,3.54820218897593e-05,0.00018440379275311164,0.009870277899306975,3.54820218897593e-05
CWE-521,2025,0.0015430843624575903,0.0012065999854312416,0.009870277899306975,0.0015430843624575903
CWE-522,2025,0.002500686392865072,0.017793672236479756,0.009870277899306975,0.002500686392865072
CWE-523,2025,1.222040598315729e-05,0.00011022094969048763,0.009870277899306975,1.222040598315729e-05
CWE-524,2025,0.000898817647585868,0.0023839905306561517,0.009870277899306975,0.000898817647585868
CWE-525,2025,0.00034889899358056113,0.00018474261444284483,0.009870277899306975,0.00034889899358056113
CWE-526,2025,7.066685303136865e-05,0.00032617676481480216,0.009870277899306975,7.066685303136865e-05
CWE-532,2025,0.018320553055680738,0.04225834827152776,0.03942318231506793,0.018320553055680738
CWE-538,2025,0.0003767720083659561,0.008873119355355164,0.009870277899306975,0.0003767720083659561
CWE-540,2025,7.833528916856244e-05,0.000299353075356598,0.009870277899306975,7.833528916856244e-05
CWE-548,2025,0.0007907302481649917,0.00020707057259833488,0.009870277899306975,0.0007907302481649917
CWE-549,2025,-0.0,0.0,0.009870277899306975,-0.0
CWE-552,2025,0.002031978051573639,0.031440069380548503,0.009870277899306975,0.002031978051573639
CWE-565,2025,0.0001236311169107384,0.0006635396557549361,0.009870277899306975,0.0001236311169107384
CWE-590,2025,0.001302071668582828,0.006670857376279708,0.009870277899306975,0.001302071668582828
CWE-591,2025,0.010804093961437625,0.0,0.020950937987566892,0.010804093961437625
CWE-598,2025,0.0008180226769771539,0.0009021176599843461,0.009870277899306975,0.0008180226769771539
CWE-599,2025,0.0003038383648188308,1.80396498694932e-05,0.009870277899306975,0.0003038383648188308
CWE-601,2025,0.011134778336190532,0.015148287853957656,0.0356037140829705,0.011134778336190532
CWE-602,2025,0.0011220432502485934,0.00219496377660074,0.009870277899306975,0.0011220432502485934
CWE-603,2025,3.961098872589093e-05,0.0009250480047867173,0.009870277899306975,3.961098872589093e-05
CWE-610,2025,0.00183035894508348,0.00808155188919904,0.009870277899306975,0.00183035894508348
CWE-611,2025,0.001979348578412425,0.005787286871475014,0.009870277899306975,0.001979348578412425
CWE-613,2025,0.0030248394118515477,0.01118222586573694,0.009870277899306975,0.0030248394118515477
CWE-614,2025,0.0011051817445700773,0.0004903107772393817,0.009870277899306975,0.0011051817445700773
CWE-617,2025,0.20810116842736598,0.13209627210411082,0.16085895156322338,0.20810116842736598
CWE-620,2025,0.0003686762791996993,0.0009268550266954836,0.009870277899306975,0.0003686762791996993
CWE-639,2025,0.004608266943141706,0.018263474571055146,0.010508276268184123,0.004608266943141706
CWE-640,2025,0.0009000130221477781,0.0016958220818254599,0.009870277899306975,0.0009000130221477781
CWE-644,2025,0.00010465564079150529,0.0009758552210399277,0.009870277899306975,0.00010465564079150529
CWE-648,2025,5.2891798541822936e-05,0.009376054333699028,0.009870277899306975,5.2891798541822936e-05
CWE-653,2025,0.0020446694046932423,0.00098555633245946,0.009870277899306975,0.0020446694046932423
CWE-664,2025,0.0014653232487635863,0.006652314408540957,0.009870277899306975,0.0014653232487635863
CWE-665,2025,0.0010736546871609753,0.00796756506628914,0.009870277899306975,0.0010736546871609753
CWE-667,2025,0.021122793607340516,0.004263757181349165,0.03339807565422874,0.021122793607340516
CWE-668,2025,0.0013671471392066195,0.006424814505890446,0.009870277899306975,0.0013671471392066195
CWE-669,2025,3.2890486667567165e-05,0.006229712409299432,0.009870277899306975,3.2890486667567165e-05
CWE-670,2025,0.004443753790681513,0.003926923921859724,0.010508276268184123,0.004443753790681513
CWE-672,2025,0.0026138987854516555,0.003736856859671294,0.009870277899306975,0.0026138987854516555
CWE-674,2025,0.0037818021386389652,0.0182900439267224,0.009870277899306975,0.0037818021386389652
CWE-680,2025,0.022885296112169218,0.00038256171254701316,0.036466586167539804,0.022885296112169218
CWE-682,2025,0.0007613132408134326,0.0046646745630301726,0.009870277899306975,0.0007613132408134326
CWE-684,2025,0.00033972648784232084,0.001604220851808291,0.009870277899306975,0.00033972648784232084
CWE-691,2025,4.7532621410075616e-05,0.0018609716199522867,0.009870277899306975,4.7532621410075616e-05
CWE-693,2025,0.014907441069760587,0.03994155364080743,0.037178861361884065,0.014907441069760587
CWE-696,2025,0.0005599374895454434,0.002541195372943169,0.009870277899306975,0.0005599374895454434
CWE-697,2025,0.0004138961556347861,0.0016428698085056376,0.009870277899306975,0.0004138961556347861
CWE-703,2025,0.0025421739868618553,0.0068251840350841515,0.009870277899306975,0.0025421739868618553
CWE-704,2025,0.007095394312435593,0.02213328997037666,0.0179948216902801,0.007095394312435593
CWE-706,2025,0.00013361779536877184,0.005197331638081783,0.009870277899306975,0.00013361779536877184
CWE-732,2025,0.009456207452148584,0.041059060008219794,0.0356037140829705,0.009456207452148584
CWE-749,2025,0.12704354127751885,0.001015071103300975,0.1226121716088588,0.12704354127751885
CWE-754,2025,0.010440226547804602,0.015084565614401014,0.0356037140829705,0.010440226547804602
CWE-755,2025,0.11698224791439794,0.0023005074427622407,0.08042806646127407,0.11698224791439794
CWE-763,2025,0.03271027164628302,0.019038694706105717,0.038959236932565616,0.03271027164628302
CWE-770,2025,0.058297666184783624,0.08239422994063647,0.05928342120544038,0.058297666184783624
CWE-772,2025,0.0011492548274951659,0.028916685203329837,0.009870277899306975,0.0011492548274951659
CWE-782,2025,0.00010182361547231644,0.00012894477303496222,0.009870277899306975,0.00010182361547231644
CWE-787,2025,0.3038773654205638,0.2941768092741695,0.30305350450889884,0.3038773654205638
CWE-789,2025,0.0008362619990464011,0.026897212691369465,0.009870277899306975,0.0008362619990464011
CWE-791,2025,0.00010250561160581689,3.0854974709932666e-05,0.009870277899306975,0.00010250561160581689
CWE-798,2025,0.00473533811071951,0.011591978308163506,0.013087948450445325,0.00473533811071951
CWE-799,2025,0.00019707683543181183,0.001981972728280188,0.009870277899306975,0.00019707683543181183
CWE-805,2025,0.001135620453312692,0.002813443634805094,0.009870277899306975,0.001135620453312692
CWE-807,2025,0.0026104975288596182,0.022713253936491637,0.009870277899306975,0.0026104975288596182
CWE-820,2025,0.008018793536432776,0.0007198426752996542,0.0179948216902801,0.008018793536432776
CWE-822,2025,0.08690449567402218,0.05944510466411662,0.0688195310923574,0.08690449567402218
CWE-823,2025,0.06141586001977778,0.001442438383446964,0.06509614310021183,0.06141586001977778
CWE-824,2025,0.006425304157506155,0.014055999640965527,0.0179948216902801,0.006425304157506155
CWE-825,2025,0.000906986211524752,0.0025656042455559575,0.009870277899306975,0.000906986211524752
CWE-829,2025,0.0017642759244991379,0.005098544400580417,0.009870277899306975,0.0017642759244991379
CWE-833,2025,0.0003430059210661302,0.0008053184355065729,0.009870277899306975,0.0003430059210661302
CWE-835,2025,0.004401546865138691,0.042250912309965895,0.010508276268184123,0.004401546865138691
CWE-837,2025,0.001647888262564993,0.0002142417324670564,0.009870277899306975,0.001647888262564993
CWE-840,2025,0.00026211890149675863,0.0005869160807515812,0.009870277899306975,0.00026211890149675863
CWE-841,2025,0.007290419212319685,0.0022097990749187554,0.0179948216902801,0.007290419212319685
CWE-843,2025,0.021289546261712356,0.05548340030767868,0.03367137153739026,0.021289546261712356
CWE-862,2025,0.01912882170083839,0.073774884297782,0.04126020786223939,0.01912882170083839
CWE-863,2025,0.14163329724915058,0.07424380603048063,0.13352438004849798,0.14163329724915058
CWE-908,2025,0.02150489191715593,0.04554904592832251,0.040373982975620185,0.02150489191715593
CWE-909,2025,0.0011128097767246234,0.0008854644412608927,0.009870277899306975,0.0011128097767246234
CWE-912,2025,8.262292596247936e-05,0.004755500580112995,0.009870277899306975,8.262292596247936e-05
CWE-913,2025,0.0009095593283216708,0.0017212079400952525,0.009870277899306975,0.0009095593283216708
CWE-915,2025,0.0001258854627284988,0.005273450360971895,0.009870277899306975,0.0001258854627284988
CWE-916,2025,0.0014981220902165401,0.0006260199525995261,0.009870277899306975,0.0014981220902165401
CWE-918,2025,0.007945563624860468,0.03442319108505944,0.03264759778568371,0.007945563624860468
CWE-922,2025,0.01790754924842237,0.018419283339173375,0.024770406219664327,0.01790754924842237
CWE-923,2025,0.008934154108606015,0.0021724145332720672,0.01914558624824579,0.008934154108606015
CWE-926,2025,0.0008264349690531994,0.001189496602312548,0.009870277899306975,0.0008264349690531994
CWE-940,2025,5.7487672685710933e-05,0.0011787609942289824,0.009870277899306975,5.7487672685710933e-05
CWE-942,2025,0.004607539465683059,0.004475533887101954,0.010508276268184123,0.004607539465683059
CWE-943,2025,0.00010134789420134915,0.004187135416507988,0.009870277899306975,0.00010134789420134915
CWE-1004,2025,0.00043610937092243075,0.00027027223301667844,0.009870277899306975,0.00043610937092243075
CWE-1021,2025,0.0028154319142013966,0.008808281056977906,0.009870277899306975,0.0028154319142013966
CWE-1104,2025,0.00047498139447633324,0.00020621998236606054,0.009870277899306975,0.00047498139447633324
CWE-1188,2025,0.0031702049206180443,0.00492858083498968,0.009870277899306975,0.0031702049206180443
CWE-1191,2025,0.00046974422299996444,5.075866263563927e-05,0.009870277899306975,0.00046974422299996444
CWE-1220,2025,0.13840156610158966,0.022577717110002938,0.13313650400733187,0.13840156610158966
CWE-1230,2025,0.0006355750144967673,0.0077359234940308245,0.009870277899306975,0.0006355750144967673
CWE-1236,2025,0.0005405164099221217,0.0011597640239607283,0.009870277899306975,0.0005405164099221217
CWE-1240,2025,0.0072324058919305805,0.0121841477460235,0.0179948216902801,0.0072324058919305805
CWE-1242,2025,0.0003267553010834328,0.00013368732353227363,0.009870277899306975,0.0003267553010834328
CWE-1244,2025,9.330842351679112e-06,0.0005152409694566816,0.009870277899306975,9.330842351679112e-06
CWE-1259,2025,0.00010217904651440191,0.0002475036842268058,0.009870277899306975,0.00010217904651440191
CWE-1284,2025,0.002880568704157427,0.0074600692269967414,0.009870277899306975,0.002880568704157427
CWE-1285,2025,0.00023181739153997432,0.0010709795609148611,0.009870277899306975,0.00023181739153997432
CWE-1286,2025,0.00011036347181063312,0.18073929356562193,0.009870277899306975,0.00011036347181063312
CWE-1287,2025,0.011449110346736208,0.0269957546215243,0.021197047492098914,0.011449110346736208
CWE-1295,2025,0.0004707795953699165,6.892580874391192e-05,0.009870277899306975,0.0004707795953699165
CWE-1321,2025,0.0006060532781479597,0.004747770309196429,0.009870277899306975,0.0006060532781479597
CWE-1333,2025,0.0021678204463401796,0.007400908977089848,0.009870277899306975,0.0021678204463401796
CWE-1336,2025,0.0009926354354435792,0.0032693034947558625,0.009870277899306975,0.0009926354354435792
CWE-1385,2025,0.00017752434556405394,0.00046161859843564713,0.009870277899306975,0.00017752434556405394
CWE-1390,2025,0.1882315612516978,0.020351223671700003,0.156878059353528,0.1882315612516978
CWE-1391,2025,0.0002512480783162309,0.000996530371070234,0.009870277899306975,0.0002512480783162309
CWE-1392,2025,0.0010490158295118092,0.001156060339168526,0.009870277899306975,0.0010490158295118092
CWE-1393,2025,0.0004520830108504095,0.0005956906540707002,0.009870277899306975,0.0004520830108504095
CWE-1394,2025,6.512098421794212e-06,0.0005846902601221236,0.009870277899306975,6.512098421794212e-06
